1;2016-11-09T11:44:44.797;Rick Sanchez;Cold_203
1;2016-11-09T11:44:44.797;Rick Sanchez;Sandwiches_101
2;2016-11-09T11:54:44.799;Mortimer Smith;Sandwiches_203
2;2016-11-09T11:54:44.799;Mortimer Smith;Hot_001
3;2016-11-09T11:44:44.797;Jamie Lannister;Cold_203
3;2016-11-09T11:44:44.797;Jamie Lannister;Sandwiches_101
3;2016-11-09T11:44:44.797;Jamie Lannister;Sandwiches_101
4;2016-11-09T11:54:44.799;Mycroft Holmes;Sandwiches_203
4;2016-11-09T11:54:44.799;Mycroft Holmes;Hot_001
4;2016-11-09T11:54:44.799;Mycroft Holmes;Hot_001
5;2016-11-09T11:54:44.799;Naruto Uzumaki;Hot_001
5;2016-11-09T11:44:44.797;Naruto Uzumaki;Cold_203
5;2016-11-09T11:44:44.797;Naruto Uzumaki;Sandwiches_101
5;2016-11-09T11:54:44.799;Naruto Uzumaki;Sandwiches_203
5;2016-11-09T11:54:44.799;Naruto Uzumaki;Hot_001
6;2016-11-09T11:44:44.797;Crixus;Hot_001
6;2016-11-09T11:54:44.799;Crixus;Sandwiches_203
6;2016-11-09T11:44:44.797;Crixus;Hot_201
7;2016-11-09T11:54:44.799;Ragnar Lodbrok;Hot_201
7;2016-11-09T11:44:44.797;Ragnar Lodbrok;Cold_101
8;2016-11-09T11:44:44.799;Aureliano Adami;Sandwiches_203
8;2016-11-09T11:54:44.799;Aureliano Adami;Sandwiches_103
8;2016-11-09T11:54:44.799;Aureliano Adami;Hot_201
8;2016-11-09T11:44:44.799;Aureliano Adami;Hot_201
9;2016-11-09T11:44:44.797;King Horik;Cold_203
9;2016-11-09T11:54:44.799;King Horik;Pastry_002
9;2016-11-09T11:44:44.797;King Horik;Cold_203
10;2016-11-09T11:54:44.799;Don Pablo;Pastry_001
10;2016-11-09T11:44:44.797;Don Pablo;Cold_101